Arr Date,Dep Date,Ship,Berth,Port,Agent,To
Fri 01 Mar 2024 00:08,,NORMAN RIVER,Admiralty Anchorage,Cairns,Sea Swift Pty Ltd,
Fri 01 Mar 2024 00:08,,CHRYSUS,Admiralty Anchorage,Cairns,Sea Swift Pty Ltd,
Fri 01 Mar 2024 04:00,Sun 17 Mar 2024 18:30,PESCADORES SW,Abbot Point Anchorage 01,Abbot Point,Monson Agencies Australia (Townsville & Abbot Point),Abbot Point To Be Confirmed
Fri 01 Mar 2024 05:53,Mon 08 Apr 2024 12:34,YASA EMERALD,East Anchorage 9,Gladstone,Monson Agencies Australia (Gladstone),Clinton Coal
Fri 01 Mar 2024 15:36,Fri 15 Mar 2024 12:34,AZUL HARMONY,North Anchorage 5,Gladstone,Gulf Agency Company (Gladstone),Clinton Coal
Fri 01 Mar 2024 17:30,Thu 14 Mar 2024 12:34,MITOSE,East Anchorage 2,Gladstone,Monson Agencies Australia (Gladstone),Clinton Coal
Fri 03 Feb 2023 10:00,,ARJUNA II,Coomera Marine Precint,Southport,Owner / Agent / Master (Brisbane),
Fri 03 Feb 2023 10:00,,TJALFE4,Coomera Marine Precint,Southport,Owner / Agent / Master (Brisbane),
Fri 05 Aug 2022 12:01,,ALAN TICEHURST,Berth 5/6 (POTL Vessels),Townsville,Port of Townsville Limited,
Fri 05 Aug 2022 12:01,,ERIC NETTERFIELD,Berth 5/6 (POTL Vessels),Townsville,Port of Townsville Limited,
Fri 05 Jan 2024 02:58,,TSA 3002,Bulk Loading Facility,Skardon River,Transhipment Services Australia Pty Ltd,
Fri 05 May 2023 09:26,,WAJARRI,Cairns 06 Wharf,Cairns,Svitzer Australia Pty Ltd (Cairns Region),
Fri 08 Jul 2022 15:30,,SIRIUS COVE,Hemmant Barge Landing,Brisbane,Foreshore Marine (WA) Pty Ltd,
Fri 08 Jul 2022 15:30,,ST. VINCENT,Hemmant Barge Landing,Brisbane,Foreshore Marine (Qld) Pty Ltd ,
Fri 08 Mar 2024 00:26,Fri 15 Mar 2024 07:00,AFRICAN DRAGON,North Anchorage 7,Gladstone,Monson Agencies Australia (Gladstone),South Trees East
Fri 08 Mar 2024 02:12,Fri 15 Mar 2024 00:00,MAGIC VENUS,Off Shore Anchorage 01,Hay Point,Monson Agencies Australia (Mackay),DBCT Berth 1
Fri 08 Mar 2024 03:28,Sat 23 Mar 2024 00:00,UNTA,North Anchorage 11,Hay Point,Gulf Agency Company (Mackay),DBCT Berth 3
Fri 08 Mar 2024 05:46,Tue 12 Mar 2024 00:45,CAMILA B,East Anchorage 12,Gladstone,Inchcape Shipping Services (Queensland),Fishermans Landing 5
Fri 08 Mar 2024 08:04,,QUANDAMOOKA,Construction,Gladstone,Curtis Island Service Pty Ltd ,
Fri 08 Mar 2024 16:00,Tue 19 Mar 2024 12:34,HAFNIA PETREL,East Anchorage 11,Gladstone,Wave Shipping Pty Ltd,South Trees East
Fri 08 Mar 2024 16:42,Fri 15 Mar 2024 11:15,CHAMPION STAR,East Anchorage 10,Gladstone,Monson Agencies Australia (Gladstone),Fishermans Landing 2
Fri 08 Mar 2024 16:50,Sat 16 Mar 2024 12:34,LEONIDAS P.C.,North Anchorage 11,Gladstone,Ben Line Agencies,Clinton Coal
Fri 08 Mar 2024 17:42,Thu 04 Apr 2024 00:00,TAI KNIGHTHOOD,North Anchorage 02,Hay Point,Sturrock Grindrod Maritime (Mackay),DBCT Berth 1
Fri 08 Mar 2024 19:42,Fri 15 Mar 2024 00:00,FPMC B 107,South Anchorage 14,Hay Point,LBH Australia Pty Ltd (Mackay),HPS Berth 2
Fri 08 Mar 2024 20:00,Mon 18 Mar 2024 00:00,FPMC B 102,North Anchorage 12,Hay Point,LBH Australia Pty Ltd (Mackay),DBCT Berth 2
Fri 09 Dec 2022 06:20,,WHITSUNDAY EXPLORER,Rivergate Yacht Marina,Brisbane,Owner / Agent / Master (Brisbane),
Fri 09 Feb 2024 07:00,Fri 29 Mar 2024 00:00,SDTR CELESTE,North Anchorage 20,Hay Point,Monson Agencies Australia (Mackay),DBCT Berth 1
Fri 09 Feb 2024 10:08,,MOONGALBA,Toondah Harbour,Brisbane,Stradbroke Ferries Limited,
Fri 09 Feb 2024 10:47,,PETER CROOKE,Pilot Boarding Ground Inner,Weipa,Wilhelmsen Port Services (Weipa),
Fri 09 Feb 2024 10:47,,SL THUNGGUN,Pilot Boarding Ground Inner,Weipa,Wilhelmsen Port Services (Weipa),
Fri 09 Feb 2024 12:18,Fri 29 Mar 2024 00:00,FJ IRIS,South Anchorage 13,Hay Point,Ben Line Agencies,HPS Berth 2
Fri 09 Feb 2024 12:36,Tue 12 Mar 2024 22:01,SKIATHOS,Off Shore Anchorage 24,Hay Point,Inchcape Shipping Services (Queensland),DBCT Berth 1
Fri 09 Jul 2021 05:00,,PONTOON,Shute Harbour,Whitsunday,Owner / Agent / Master (Mackay),
Fri 10 Feb 2023 16:54,,P190,Admiralty Anchorage,Cairns,Carpentaria Contracting,
Fri 11 Mar 2022 09:08,,MARINE WORLD PONTOON,Admiralty Anchorage,Cairns,North Marine Pty Ltd,
Fri 11 Sep 2020 13:50,,CASILIS,Queensport,Brisbane,Pacific Tug (Aust) PTY LTD,
Fri 13 Jul 2018 12:43,,TOUARAKEN III,Inner Harbour Anchorage,Thursday Island,Owner / Agent / Master (Cairns),
Fri 14 Aug 2020 10:46,,ARAFURA SEA DELTA,Bulk Loading Facility,Skardon River,Transhipment Services Australia Pty Ltd,
Fri 14 Feb 2020 09:14,,WB111,Marina,Gladstone,Owner / Agent / Master (Gladstone),
Fri 15 Dec 2017 00:30,,REEFWORLD 1,BSE Maritime Solutions,Brisbane,Pacific Tug (Australia) Pty Ltd,
Fri 15 Oct 2021 02:00,,NINGALOO,Southport Yacht Club,Southport,Owner / Agent / Master (Brisbane),
Fri 16 Feb 2024 07:00,Fri 15 Mar 2024 00:00,GIA GLORY,North Anchorage 27,Hay Point,Monson Agencies Australia (Mackay),DBCT Berth 1
Fri 16 Feb 2024 13:25,Thu 21 Mar 2024 16:00,ROEBUCK BAY,Norships,Cairns,Toll Remote Logistics Pty Ltd,SEA
Fri 16 Jun 2023 10:30,,VICTORY,Anchorage,Southport,Owner / Agent / Master (Brisbane),
Fri 16 Jun 2023 10:30,,AQUANE,Anchorage,Southport,Owner / Agent / Master (Brisbane),
Fri 16 Oct 2020 20:40,,HARBOUR BALLROOM,Queensport,Brisbane,Pacific Tug (Aust) PTY LTD,
Fri 17 Jul 2020 09:45,,CORAL EXPEDITIONS II,Admiralty Anchorage,Cairns,Coral Expeditions,
Fri 18 Aug 2023 13:25,,AMS 1803,Bhagwan,Brisbane,Bhagwan Marine Pty Ltd ,
Fri 23 Jul 2021 06:02,,SEALIFT 8,Cora Bank Anchorage,Weipa,Carpentaria Contracting,
Fri 25 Nov 2022 15:28,,PACIFIC RANGER,Smiths Creek 2,Cairns,Owner / Agent / Master (Cairns),
Fri 25 Nov 2022 15:28,,CLARENCE,Smiths Creek 2,Cairns,Owner / Agent / Master (Cairns),
Fri 25 Oct 2019 12:31,,MORTON VENTURE II,Shute Harbour,Whitsunday,Owner / Agent / Master (Mackay),
Fri 26 Jan 2024 15:48,Thu 28 Mar 2024 00:00,NIKILAND,South Anchorage 12,Hay Point,Monson Agencies Australia (Mackay),HPS Berth 1
Fri 26 Jan 2024 19:20,Mon 11 Mar 2024 08:00,BRILLIANT MERCURY,South Anchorage 09,Hay Point,Gulf Agency Company (Mackay),HPS Berth 3
Fri 27 Jan 2023 10:05,,SENSATION YACHTS (SY32),The Yard,Brisbane,Owner / Agent / Master (Brisbane),
Fri 27 Oct 2017 09:00,,AMS ORION,Townsville Marine Precinct 1,Townsville,Pacific Marine Group Pty Ltd,
Fri 27 Oct 2017 14:31,,VOYAGER,City,Brisbane,Owner / Agent / Master (Brisbane),
Fri 27 Oct 2023 11:08,,COSSACK,Horn Island Anchorage,Thursday Island,Sea Swift Pty Ltd,
Fri 28 Aug 2020 17:52,,STEEL HAULER,Queensport,Brisbane,Bhagwan Marine Pty Ltd ,
Fri 29 Oct 2021 06:06,,NAFANUA II,Norships,Cairns,Wave Shipping Pty Ltd,
Fri 30 Jul 2021 13:43,,TRITON,Shute Harbour,Whitsunday,Owner / Agent / Master (Mackay),
Mon 03 Jul 2023 01:30,,MAVIS,Hemmant Barge Landing,Brisbane,Owner / Agent / Master (Brisbane),
Mon 04 Apr 2022 13:45,,BELUGA,Southport Yacht Club,Southport,Owner / Agent / Master (Brisbane),
Mon 04 Dec 2023 14:30,,CAVALLO,Rivergate Yacht Marina,Brisbane,Owner / Agent / Master (Brisbane),
Mon 04 Mar 2024 02:00,Tue 12 Mar 2024 14:15,BRILLIANT DISCOVERY,East Anchorage 3,Gladstone,Wilhelmsen Port Services (Gladstone),South Trees West
Mon 04 Mar 2024 08:28,Fri 15 Mar 2024 00:00,TW JIANGSU,North Anchorage 14,Hay Point,Monson Agencies Australia (Mackay),DBCT Berth 1
Mon 04 Mar 2024 10:12,Mon 18 Mar 2024 12:34,SHUN YING,North Anchorage 10,Gladstone,Monson Agencies Australia (Gladstone),Clinton Coal
Mon 04 Mar 2024 15:47,,PALM CAT,Townsville 10,Townsville,Owner / Agent / Master (Townsville),
Mon 04 May 2020 06:32,,MDT 1802,Marina,Gladstone,Bhagwan Marine Pty Ltd ,
Mon 05 Feb 2024 12:56,,CHAMPION 63,Brisbane Crew Change Berth,Brisbane,ASP Ship Management Pty Ltd,
Mon 06 Nov 2023 17:55,,TED DIRO,Austal Cairns Slipway ,Cairns,Inchcape Shipping Services (Queensland),
Mon 07 Aug 2023 14:56,,LAKARMA,BSE Maritime Solutions,Brisbane,Owner / Agent / Master (Brisbane),
Mon 07 Mar 2016 18:36,,GIPPSLAND,The Yard,Brisbane,Owner / Agent / Master (Brisbane),
Mon 09 Jan 2023 10:50,,QUICKSILVER V,Austal Cairns Slipway ,Cairns,Owner / Agent / Master (Cairns),
Mon 11 Dec 2023 14:40,,PROFIT RADIANCE,Bulk Loading Facility,Skardon River,Transhipment Services Australia Pty Ltd,
Mon 11 Jun 2018 20:30,,ASTERIA,BSE Maritime Solutions,Brisbane,Carter Marine Agencies,
Mon 11 Mar 2024 01:15,Mon 11 Mar 2024 19:45,DILOS WARRIOR,Chith Export Facility,Amrun,Wilhelmsen Port Services (Weipa),SEA
Mon 12 Feb 2024 10:12,Fri 29 Mar 2024 00:00,NAVIOS MAGELLAN II,North Anchorage 07,Hay Point,Ben Line Agencies,DBCT Berth 2
Mon 12 Feb 2024 11:40,,THE CLUBHOUSE,Southport Yacht Club,Southport,Owner / Agent / Master (Brisbane),
Mon 12 Feb 2024 17:12,,PT MONTO,Pacific Tugs ,Brisbane,Wave Shipping Pty Ltd,
Mon 12 Feb 2024 17:12,,PT CAMEL,Pacific Tugs ,Brisbane,Wave Shipping Pty Ltd,
Mon 12 Feb 2024 20:30,Fri 29 Mar 2024 00:00,ASAHI MARU,North Anchorage 29,Hay Point,Inchcape Shipping Services (Queensland),DBCT Berth 1
Mon 14 Dec 2020 12:47,,SVITZER LARRAKIA,Whyte Island Tug Base,Brisbane,Svitzer Australia Pty Ltd,
Mon 14 Jun 2021 13:29,,GABO,Cairns 06 Wharf,Cairns,Svitzer Australia Pty Ltd (Cairns Region),
Mon 14 Oct 2019 18:58,,FREEDOM MONARCH,Humbug Jetty,Weipa,Smit Lamnalco Australia Pty Ltd (Weipa),
Mon 16 Nov 2020 06:50,,SAIBAI,Toondah Harbour,Brisbane,Bhagwan Marine Pty Ltd ,
Mon 17 Jul 2017 13:05,,PORT FREDERICK,Toondah Harbour,Brisbane,Owner / Agent / Master (Brisbane),
Mon 17 Jul 2017 22:08,,MDT RELIANCE,Queensport,Brisbane,Bhagwan Marine Pty Ltd ,
Mon 18 Jul 2022 13:35,,ANDO,Queensport,Brisbane,Bhagwan Marine Pty Ltd ,
Mon 18 Jul 2022 13:35,,LEONORA,Queensport,Brisbane,Bhagwan Marine Pty Ltd ,
Mon 19 Feb 2024 07:43,,WARRENDER,Tropical Reef Slipway,Cairns,Sea Swift Pty Ltd,
Mon 19 Feb 2024 16:20,,MOLLY GRACE,Pacific Tugs ,Brisbane,Polaris Marine Pty Ltd,
Mon 19 Oct 2020 09:00,,ARGINCOURT 2D PONTOON,Admiralty Anchorage,Cairns,North Marine Pty Ltd,
Mon 20 Nov 2023 16:41,,MIGHTY CHIEFTAN,Shute Harbour,Whitsunday,Owner / Agent / Master (Mackay),
Mon 20 Nov 2023 16:41,,JAMES PEARCE,Shute Harbour,Whitsunday,Owner / Agent / Master (Mackay),
Mon 21 Aug 2023 13:50,,SUNRISE,Bhagwan,Brisbane,Bhagwan Marine Pty Ltd ,
Mon 21 Dec 2020 14:05,,GIRU,Cairns 06 Wharf,Cairns,Svitzer Australia Pty Ltd (Cairns Region),
Mon 22 Jan 2024 20:30,,SVITZER OLIVIA,Whyte Island Tug Base,Brisbane,Svitzer Australia Pty Ltd,
Mon 24 Oct 2022 13:15,,DARRA,Hemmant Barge Landing,Brisbane,Pacific Tug (Aust) PTY LTD,
Mon 26 Feb 2024 14:30,Wed 13 Mar 2024 12:00,HELIOS 3,Rivergate Yacht Marina,Brisbane,Carter Marine Agencies,SEA
Mon 26 Jun 2023 21:10,,MIGHTY CHIEFTAN,Airlie Beach,Whitsunday,Owner / Agent / Master (Mackay),
Mon 26 Oct 2020 13:30,,SVITZER GINGA,Whyte Island Tug Base,Brisbane,Svitzer Australia Pty Ltd,
Mon 27 Feb 2017 16:02,,NUGINISTAR,Marina,Gladstone,Owner / Agent / Master (Gladstone),
Mon 27 May 2019 20:15,,SEA LIFT 4,Queensport,Brisbane,Bhagwan Marine Pty Ltd ,
Mon 27 Nov 2023 10:00,Fri 12 Jan 2024 16:00,STORM BAY,Norships,Cairns,Toll Remote Logistics Pty Ltd,SEA
Mon 27 Nov 2023 16:40,,CAPE MAC,Marina,Bundaberg,Owner / Agent / Master (Gladstone),
Mon 27 Nov 2023 16:40,,GROPER,Marina,Bundaberg,Owner / Agent / Master (Gladstone),
Mon 28 Nov 2022 13:20,,MAEVE ANNE,Queensport,Brisbane,Polaris Marine Pty Ltd,
Mon 30 Oct 2023 17:55,,TARGETLINE 1201,Marina,Gladstone,Fodico Pty Ltd,
Sat 02 Dec 2023 09:13,,MORETON ESCAPE,Toondah Harbour,Brisbane,Stradbroke Ferries Limited,
Sat 02 Mar 2024 01:30,Sun 24 Mar 2024 00:00,ALPHA DIGNITY,South Anchorage 05,Hay Point,Wilhelmsen Port Services (Mackay),HPS Berth 3
Sat 02 Mar 2024 01:40,Thu 14 Mar 2024 12:35,DOUBLE DELIGHT,East Anchorage 8,Gladstone,Gulf Agency Company (Gladstone),Clinton Coal
Sat 02 Mar 2024 09:54,Tue 12 Mar 2024 16:30,FEI PENG,East Anchorage 4,Gladstone,LBH Australia Pty Ltd (Gladstone),Clinton Coal 3
Sat 02 Mar 2024 12:00,Thu 14 Mar 2024 00:00,IONIC PLEIONE,Off Shore Anchorage 08,Hay Point,LBH Australia Pty Ltd (Mackay),HPS Berth 2
Sat 02 Mar 2024 13:00,Mon 11 Mar 2024 19:30,AEGEAN CLOVER,Fairway Buoy Anchorage,Gladstone,Inchcape Shipping Services (Queensland),Clinton Coal 4
Sat 02 Mar 2024 17:00,Sat 16 Mar 2024 00:00,SARONIC TRADER,North Anchorage 05,Hay Point,Monson Agencies Australia (Mackay),DBCT Berth 1
Sat 03 Sep 2022 00:05,,PM SOUTH,Queensport,Brisbane,Polaris Marine Pty Ltd,
Sat 04 Jan 2020 09:20,,NORMAN REEF PONTOON,Admiralty Anchorage,Cairns,North Marine Pty Ltd,
Sat 04 Nov 2023 16:15,,CONSTRUCTOR 4,The Yard,Brisbane,Polaris Marine Pty Ltd,
Sat 04 Nov 2023 20:50,,P T FORTITUDE,Pacific Tugs ,Brisbane,Pacific Tug (Aust) PTY LTD,
Sat 05 Nov 2016 14:54,,FURY,Queensport,Brisbane,Owner / Agent / Master (Brisbane),
Sat 09 Jul 2022 14:20,,M 1201,Queensport,Brisbane,Pacific Tug (Aust) PTY LTD,
Sat 09 Mar 2024 03:50,Mon 18 Mar 2024 00:00,ARCADIA SALUTE,Off Shore Anchorage 22,Hay Point,Inchcape Shipping Services (Queensland),HPS Berth 1
Sat 09 Mar 2024 05:24,Tue 12 Mar 2024 03:00,PLOVER ARROW,Fisherman Island No 3,Brisbane,Inchcape Shipping Services (Queensland),SEA
Sat 09 Mar 2024 05:54,Mon 11 Mar 2024 06:15,MIRACLE,Clinton Coal 2,Gladstone,Monson Agencies Australia (Gladstone),SEA
Sat 09 Mar 2024 06:30,Tue 19 Mar 2024 21:00,AKATSUKI,Drift Point Cartwright,Brisbane,Gulf Agency Company (Brisbane),Fisherman Island Coal Berth
Sat 09 Mar 2024 07:15,Wed 13 Mar 2024 12:34,BBC ECHO,Fairway Beacon,Port Alma,Inchcape Shipping Services (Queensland),Port Alma 1
Sat 09 Mar 2024 08:30,Mon 11 Mar 2024 06:15,YANGZE 15,Fairway Buoy Anchorage,Gladstone,LBH Australia Pty Ltd (Gladstone),Clinton Coal 2
Sat 09 Mar 2024 08:40,Sat 20 Apr 2024 12:34,SCARLET ROBIN,North Anchorage 6,Gladstone,Inchcape Shipping Services (Queensland),Clinton Coal
Sat 09 Mar 2024 09:48,Mon 11 Mar 2024 10:30,CORAL EXPRESS,Ampol Lytton Products,Brisbane,Gulf Agency Company (Brisbane),Quantem Liquid Terminal
Sat 09 Mar 2024 12:20,Fri 22 Mar 2024 12:34,ORATORIO,Fairway Buoy Anchorage,Gladstone,Monson Agencies Australia (Gladstone),Clinton Coal
Sat 09 Mar 2024 12:50,Wed 13 Mar 2024 01:00,AAL HONG KONG,Drift Point Cartwright,Brisbane,Inchcape Shipping Services (Queensland),Fisherman Island No 3
Sat 09 Mar 2024 13:47,Sun 17 Mar 2024 00:00,MARAN TRANSPORTER,Off Shore Anchorage 03,Hay Point,Monson Agencies Australia (Mackay),HPS Berth 1
Sat 09 Mar 2024 15:12,Tue 12 Mar 2024 07:00,GLOVIS AMBITION,Abbot Point Anchorage 02,Abbot Point,Sturrock Grindrod Maritime (Mackay),Abbot Point 2
Sat 09 Mar 2024 16:54,Sat 16 Mar 2024 00:00,GIA INSPIRATION,Off Shore Anchorage 04,Hay Point,Inchcape Shipping Services (Queensland),HPS Berth 1
Sat 09 Mar 2024 17:06,Mon 11 Mar 2024 16:30,CLIVIA OLDENDORFF,Clinton Coal 1,Gladstone,LBH Australia Pty Ltd (Gladstone),SEA
Sat 09 Mar 2024 18:36,Tue 12 Mar 2024 22:00,GSL CHRISTEL ELISABETH,Point Cartwright Anchorage,Brisbane,Inchcape Shipping Services (Queensland),Fisherman Island No 7
Sat 09 Mar 2024 20:36,Tue 19 Mar 2024 00:00,STAR SIRIUS,Off Shore Anchorage 10,Hay Point,LBH Australia Pty Ltd (Mackay),HPS Berth 1
Sat 09 Mar 2024 21:24,Mon 11 Mar 2024 23:59,BROADGATE,Townsville 10,Townsville,Townsville Shipping Agencies (Townsville),Townsville Anchorage
Sat 09 Mar 2024 21:42,Tue 19 Mar 2024 00:00,CAPE BREEZE,Off Shore Anchorage 11,Hay Point,Inchcape Shipping Services (Queensland),HPS Berth 1
Sat 09 Mar 2024 23:06,Mon 11 Mar 2024 23:35,MSC KALAMATA VII,Fisherman Island No. 9,Brisbane,Mediterranean Shipping Company,SEA
Sat 10 Feb 2024 01:36,Sat 30 Mar 2024 00:00,NAVIOS ASTERIKS,North Anchorage 28,Hay Point,LBH Australia Pty Ltd (Mackay),DBCT Berth 1
Sat 10 Feb 2024 14:45,Fri 15 Mar 2024 12:34,PABAL,Fairway Buoy Anchorage,Gladstone,Ben Line Agencies,Clinton Coal
Sat 10 Feb 2024 15:00,Mon 11 Mar 2024 17:30,PU AN TONG,Off Shore Anchorage 12,Hay Point,LBH Australia Pty Ltd (Mackay),DBCT Berth 4
Sat 13 Aug 2022 10:05,,PMG 14 A/B,Magnetic Island - Nelly Bay,Townsville,Pacific Marine Group Pty Ltd,
Sat 14 Jul 2018 09:00,,PMG HARMONY,Townsville Marine Precinct 1,Townsville,Pacific Marine Group Pty Ltd,
Sat 16 Dec 2023 12:06,Fri 15 Mar 2024 00:00,MASQUENADA,Sailfish Quay 9,Cairns,Carter Marine Agencies,Sailfish Quay Outer
Sat 17 Feb 2024 17:30,,LEANORA,Bhagwan,Brisbane,Polaris Marine Pty Ltd,
Sat 21 Aug 2021 17:45,,HT SALUTE,Hemmant Barge Landing,Brisbane,East Coast Maritime Pty Ltd,
Sat 21 Aug 2021 17:45,,CREST 181,Hemmant Barge Landing,Brisbane,East Coast Maritime Pty Ltd,
Sat 22 May 2021 06:10,,SL HERON ISLAND,Tropical Reef Berth/Tom Jones Jetty,Cairns,Tropical Reef Shipyard,
Sat 23 Dec 2023 09:12,,SEA CHARLIE,D BGE,Townsville,Pacific Marine Group Pty Ltd,
Sat 24 Feb 2024 04:06,Sun 17 Mar 2024 00:00,NSU SIRIUS,North Anchorage 13,Hay Point,Gulf Agency Company (Mackay),DBCT Berth 3
Sat 24 Feb 2024 08:26,,PT KYTHIRA,Marina,Bundaberg,Pacific Tug (Aust) PTY LTD,
Sat 24 Feb 2024 08:26,,PT NORFOLK,Marina,Bundaberg,Pacific Tug (Aust) PTY LTD,
Sat 24 Feb 2024 09:05,Fri 15 Mar 2024 00:00,BRILLIANT SAKURA,South Anchorage 01,Hay Point,Gulf Agency Company (Mackay),HPS Berth 1
Sat 24 Feb 2024 09:36,Sun 31 Mar 2024 00:00,CMB POMEROL,South Anchorage 04,Hay Point,Ben Line Agencies,HPS Berth 1
Sat 25 Aug 2018 16:45,,COOCHIE,Queensport,Brisbane,Bhagwan Marine Pty Ltd ,
Sat 27 Jan 2024 00:06,Thu 28 Mar 2024 00:00,ATMOSPHERE,North Anchorage 08,Hay Point,Ben Line Agencies,DBCT Berth 1
Sat 31 Jul 2021 14:40,,SVITZER MARLOO,Whyte Island Tug Base,Brisbane,Svitzer Australia Pty Ltd,
Sat 31 Oct 2020 08:20,,STEEL RANGER,Marina,Gladstone,East Coast Maritime Pty Ltd,
Sun 02 Sep 2018 21:37,,EVERGLADE,Admiralty Anchorage,Cairns,Carpentaria Contracting,
Sun 03 Mar 2024 03:55,Fri 15 Mar 2024 12:34,HL SUNNY,North Anchorage 3,Gladstone,LBH Australia Pty Ltd (Gladstone),Clinton Coal
Sun 03 Mar 2024 16:16,Fri 15 Mar 2024 00:00,FPMC B 106,North Anchorage 10,Hay Point,LBH Australia Pty Ltd (Mackay),DBCT Berth 1
Sun 06 Aug 2017 14:58,,SLEDGEHAMMER,Clinton Swing Basin Anchorage,Gladstone,Owner / Agent / Master (Gladstone),
Sun 09 Aug 2020 15:30,,BRIBIE,Queensport,Brisbane,Pacific Tug (Aust) PTY LTD,
Sun 09 Sep 2018 06:30,,REEF HAVEN,Admiralty Anchorage,Cairns,North Marine Pty Ltd,
Sun 10 Dec 2023 11:41,,AGROS,Horn Island Anchorage,Thursday Island,Sea Swift Pty Ltd,
Sun 10 Dec 2023 11:41,,PMG 123,Horn Island Anchorage,Thursday Island,Sea Swift Pty Ltd,
Sun 10 Mar 2024 02:24,Mon 11 Mar 2024 15:00,ORIENTAL STAR,North Anchorage 8,Gladstone,Wilhelmsen Port Services (Gladstone),Clinton Coal 3
Sun 10 Mar 2024 03:30,Sun 10 Mar 2024 23:59,MAREEBA,Fishermans Landing 4,Gladstone,Ironmonger Shipping Agencies,Fishermans Landing 4
Sun 10 Mar 2024 06:18,Mon 11 Mar 2024 06:00,OCEAN SWAGMAN,Townsville 04,Townsville,Gulf Agency Company (Northern Ports),SEA
Sun 10 Mar 2024 06:40,Tue 12 Mar 2024 01:15,BF GIANT,Point Cartwright Anchorage,Brisbane,Mediterranean Shipping Company,Fisherman Island No. 9
Sun 10 Mar 2024 06:48,Tue 12 Mar 2024 18:00,RTM DJULPAN,South Trees East,Gladstone,Wilhelmsen Port Services (Gladstone),SEA
Sun 10 Mar 2024 09:44,,TSA TRIDENT,Bulk Loading Facility,Skardon River,Transhipment Services Australia Pty Ltd,
Sun 10 Mar 2024 09:44,,TSA SKARDON,Bulk Loading Facility,Skardon River,Transhipment Services Australia Pty Ltd,
Sun 10 Mar 2024 10:00,Sun 10 Mar 2024 23:59,THALATTA,Fisherman Island No 1,Brisbane,Wilhelmsen Port Services (Brisbane),SEA
Sun 10 Mar 2024 10:12,Tue 12 Mar 2024 06:00,NISEKO QUEEN,Abbot Point 2,Abbot Point,Wave Shipping Pty Ltd,SEA
Sun 10 Mar 2024 10:12,Mon 11 Mar 2024 08:30,ANDROS BEAUTY,HPS Berth 3,Hay Point,Wilhelmsen Port Services (Mackay),SEA Channel Departure
Sun 10 Mar 2024 10:29,Mon 01 Apr 2024 08:00,PMG PRIDE,Townsville Marine Precinct 1,Townsville,Pacific Marine Group Pty Ltd,SEA
Sun 10 Mar 2024 10:29,Mon 01 Apr 2024 08:00,PMG 151,Townsville Marine Precinct 1,Townsville,Pacific Marine Group Pty Ltd,SEA
Sun 10 Mar 2024 10:36,Tue 12 Mar 2024 11:30,RTM DIAS,Fishermans Landing 1,Gladstone,Wilhelmsen Port Services (Gladstone),SEA
Sun 10 Mar 2024 11:01,,STRAIT SHOOTER I,Hey River Anchorage,Weipa,Carpentaria Contracting,
Sun 10 Mar 2024 11:01,,CARPENTARIA CONSTRUCTOR,Hey River Anchorage,Weipa,Carpentaria Contracting,
Sun 10 Mar 2024 11:15,Mon 11 Mar 2024 20:00,KNIGHT WATCH,Cora Bank Anchorage,Weipa,Carpentaria Contracting,SEA
Sun 10 Mar 2024 11:15,,PACIFIC 1801,Cora Bank Anchorage,Weipa,Carpentaria Contracting,
Sun 10 Mar 2024 13:06,Mon 11 Mar 2024 10:30,MARIANNA GLORY,Fishermans Landing 5,Gladstone,Inchcape Shipping Services (Queensland),SEA
Sun 10 Mar 2024 14:30,Tue 12 Mar 2024 14:45,KRITI WARRIOR,South Trees West,Gladstone,Wilhelmsen Port Services (Gladstone),SEA
Sun 10 Mar 2024 14:30,Fri 15 Mar 2024 11:00,GOLDEN ARION,North Anchorage 1,Gladstone,Wilhelmsen Port Services (Gladstone),Fishermans Landing 1
Sun 10 Mar 2024 15:18,Mon 11 Mar 2024 05:45,GASCHEM ODYSSEY,BP Products,Brisbane,Wave Shipping Pty Ltd,SEA
Sun 10 Mar 2024 15:34,Mon 11 Mar 2024 23:15,OCEAN QUEEN,DBCT Berth 3,Hay Point,Wave Shipping Pty Ltd,SEA Paddock Departure
Sun 10 Mar 2024 15:55,,KESTREL BAY,Fuel Wharf,Karumba,A RAPTIS & SONS PTY LTD,
Sun 10 Mar 2024 16:20,Mon 11 Mar 2024 08:00,GOLDEN AXIS,Quantem Liquid Terminal,Brisbane,Sturrock Grindrod Maritime (Brisbane),SEA
Sun 10 Mar 2024 16:30,Fri 29 Mar 2024 00:00,MODIGLIANI,North Anchorage 01,Hay Point,Sturrock Grindrod Maritime (Mackay),DBCT Berth 3
Sun 10 Mar 2024 18:00,Mon 11 Mar 2024 20:00,OOCL YOKOHAMA,Fisherman Island No 10,Brisbane,Inchcape Shipping Services (Queensland),SEA
Sun 10 Mar 2024 18:12,Fri 29 Mar 2024 00:00,ADMIRAL JIMMU,Off Shore Anchorage 16,Hay Point,Inchcape Shipping Services (Queensland),HPS Berth 3
Sun 10 Mar 2024 18:36,Thu 14 Mar 2024 06:15,FAIRCHEM HONOR,Fairway Beacon,Port Alma,Sturrock Grindrod Maritime (Gladstone),Port Alma 3
Sun 10 Mar 2024 19:18,Mon 11 Mar 2024 11:30,BIQUELE BAY,Main Jetty,Thursday Island,Sea Swift Pty Ltd,Horn Island
Sun 10 Mar 2024 20:56,Wed 20 Mar 2024 00:00,BULK CROATIA,Off Shore Anchorage 02,Hay Point,Inchcape Shipping Services (Queensland),HPS Berth 2
Sun 10 Mar 2024 21:30,Tue 12 Mar 2024 05:30,KOTA MAKMUR,Fisherman Island No 5,Brisbane,Gulf Agency Company (Brisbane),SEA
Sun 10 Mar 2024 21:34,Mon 11 Mar 2024 10:30,ALBATROSS BAY,Cairns 08 Wharf,Cairns,Sea Swift Pty Ltd,Cairns 08 Wharf
Sun 10 Mar 2024 22:15,Thu 21 Mar 2024 00:00,CAPE SASANQUA,Off Shore Anchorage 13,Hay Point,Monson Agencies Australia (Mackay),DBCT Berth 1
Sun 10 Mar 2024 22:23,Wed 13 Mar 2024 12:34,QUEEN SARAH,Fairway Buoy Anchorage,Gladstone,LBH Australia Pty Ltd (Gladstone),Clinton Coal
Sun 10 Mar 2024 23:00,Mon 11 Mar 2024 00:00,CESI BEIHAI,Fairway Buoy Anchorage,Gladstone,Gulf Agency Company (Gladstone),Australia Pacific LNG
Sun 10 Mar 2024 23:59,Tue 12 Mar 2024 23:15,APL SCOTLAND,Fisherman Island No 7,Brisbane,Inchcape Shipping Services (Queensland),SEA
Sun 11 Feb 2024 03:00,Wed 13 Mar 2024 12:34,STAR BETTY,Fairway Buoy Anchorage,Gladstone,Monson Agencies Australia (Gladstone),Clinton Coal
Sun 11 Feb 2024 16:15,Mon 11 Mar 2024 14:00,GLOBAL ENTERPRISE,North Anchorage 06,Hay Point,LBH Australia Pty Ltd (Mackay),DBCT Berth 1
Sun 12 Jun 2016 21:38,,SL KOUMALA,Raptis Trawler Berths,Brisbane,Owner / Agent / Master (Brisbane),
Sun 13 Aug 2023 07:44,,MDT 82,Bhagwan,Brisbane,Bhagwan Marine Pty Ltd ,
Sun 18 Feb 2024 01:06,Sat 16 Mar 2024 10:00,ELOS,Abbot Point Anchorage 07,Abbot Point,LBH Australia Pty Ltd (Mackay),Abbot Point 1
Sun 18 Jun 2023 21:59,,JAMES PIERCE,Stonehaven Bay,Whitsunday,Owner / Agent / Master (Mackay),
Sun 19 Mar 2023 09:15,,PMG SAILFISH,Townsville Marine Precinct 1,Townsville,Hall Contracting Pty Ltd,
Sun 22 Oct 2023 04:36,Sun 05 Nov 2023 00:00,BERGE NAMULI,Skardon River Standby Anchorage,Skardon River,Monson Agencies Australia (Brisbane),SEA
Sun 23 Aug 2020 10:36,,ST 46,Weipa Anchorage,Weipa,Wave Shipping Pty Ltd,
Sun 24 Sep 2023 10:48,,KARAMA,Bulk Loading Facility,Skardon River,Transhipment Services Australia Pty Ltd,
Sun 25 Feb 2024 00:36,Sat 30 Mar 2024 00:00,HL PORT HEDLAND,Off Shore Anchorage 19,Hay Point,LBH Australia Pty Ltd (Mackay),HPS Berth 3
Sun 25 Feb 2024 08:28,,BANDICOOT,Cora Bank Anchorage,Weipa,Carpentaria Contracting,
Sun 25 Feb 2024 11:34,,IKAMBA,Hey River Anchorage,Weipa,Wilhelmsen Port Services (Weipa),
Sun 25 Feb 2024 18:35,Sun 31 Mar 2024 00:00,CENTURY WAVE,North Anchorage 18,Hay Point,Sturrock Grindrod Maritime (Mackay),DBCT Berth 1
Sun 27 Aug 2023 15:30,,RT LEADER,Rivergate Yacht Marina,Brisbane,Inchcape Shipping Services (Queensland),
Sun 30 Dec 2018 19:00,,SAMSON 7,Bulk Loading Facility,Skardon River,Transhipment Services Australia Pty Ltd,
Thu 02 May 2019 13:00,,CHARLIE GRACE,Toondah Harbour,Brisbane,Owner / Agent / Master (Brisbane),
Thu 04 Jan 2024 03:22,,TSA 3004,Bulk Loading Facility,Skardon River,Transhipment Services Australia Pty Ltd,
Thu 04 Jan 2024 16:36,,TSA 3003,Bulk Loading Facility,Skardon River,Transhipment Services Australia Pty Ltd,
Thu 06 Jun 2019 10:10,,MALU TRADER,Hemmant Barge Landing,Brisbane,Owner / Agent / Master (Brisbane),
Thu 06 Oct 2022 20:50,,SUZANNE,Queensport,Brisbane,Bhagwan Marine Pty Ltd ,
Thu 07 Mar 2024 04:50,Tue 12 Mar 2024 03:00,RISING SUN,East Anchorage 5,Gladstone,Monson Agencies Australia (Gladstone),Clinton Coal 1
Thu 07 Mar 2024 14:42,Mon 18 Mar 2024 00:00,GOLDEN GRACE,Off Shore Anchorage 15,Hay Point,LBH Australia Pty Ltd (Mackay),DBCT Berth 4
Thu 07 Mar 2024 14:55,Tue 12 Mar 2024 10:00,USCG HARRIET LANE,Cairns 12 Wharf,Cairns,Military Services Australia,SEA
Thu 07 Mar 2024 20:14,Mon 11 Mar 2024 00:30,FERROL KNUTSEN,LNG Anchorage 1,Gladstone,Gulf Agency Company (Gladstone),Queensland Curtis LNG
Thu 07 Mar 2024 20:24,Sun 17 Mar 2024 00:00,SAKIZAYA BRAVE,South Anchorage 03,Hay Point,Ben Line Agencies,HPS Berth 3
Thu 07 May 2020 04:00,,SMITHBRIDGE DISCOVERY,Toondah Harbour,Brisbane,Yamba Shipping Pty Ltd,
Thu 08 Feb 2024 14:00,,PMG 180,Cairns 07 Wharf,Cairns,Transhipment Services Australia Pty Ltd,
Thu 08 Oct 2020 12:33,,SUNLOVER PONTOON 2,Admiralty Anchorage,Cairns,North Marine Pty Ltd,
Thu 09 Nov 2023 08:09,,MDT1801,Hamilton No 1,Brisbane,Inchcape Shipping Services (Queensland),
Thu 09 Nov 2023 14:27,,SANTA FE,Western lay up,Mackay,Bhagwan Marine Pty Ltd ,
Thu 10 Aug 2023 10:55,,ENGAGE RAIDER,Navy Swing Basin Inner,Cairns,Military Services Australia,
Thu 11 Jan 2024 14:47,,TSA NEPTUNE,Admiralty Anchorage,Cairns,Transhipment Services Australia Pty Ltd,
Thu 11 Jan 2024 14:47,,WB IV,Admiralty Anchorage,Cairns,Transhipment Services Australia Pty Ltd,
Thu 11 Nov 2021 10:00,,LISMORE,Queensport,Brisbane,Fodico Pty Ltd,
Thu 12 May 2022 02:34,,POPS,Sailfish Quay Inner,Cairns,Owner / Agent / Master (Cairns),
Thu 12 Oct 2023 13:22,,SEARANGER,Cora Bank Anchorage,Weipa,Carpentaria Contracting,
Thu 13 Apr 2023 12:05,,RVS TAKAURE,Norships,Cairns,Wave Shipping Pty Ltd,
Thu 15 Feb 2024 07:36,Wed 20 Mar 2024 00:00,ORIENTAL ENTERPRISE,North Anchorage 15,Hay Point,LBH Australia Pty Ltd (Mackay),DBCT Berth 3
Thu 15 Feb 2024 14:00,Sat 30 Mar 2024 00:00,APOLLONIUS,South Anchorage 02,Hay Point,Wilhelmsen Port Services (Mackay),HPS Berth 3
Thu 15 Feb 2024 19:36,,BRISBANE,Fisherman Island Pump Out,Brisbane,Port of Brisbane Pty Ltd,
Thu 16 Aug 2018 15:00,,ALLUNGA,Queensport,Brisbane,Bhagwan Marine Pty Ltd ,
Thu 17 Nov 2022 05:35,,P.T. NORFOLK,Bulk Sugar Terminal Berth,Bundaberg,Pacific Tug (Aust) PTY LTD,
Thu 18 May 2023 18:52,,PT MARY,Pacific Tugs ,Brisbane,Pacific Tug (Aust) PTY LTD,
Thu 18 May 2023 18:52,,DARWIN,Pacific Tugs ,Brisbane,Pacific Tug (Aust) PTY LTD,
Thu 21 Dec 2023 07:05,,PMG 124,Townsville Marine Precinct 1,Townsville,Pacific Marine Group Pty Ltd,
Thu 21 Sep 2023 09:00,,BHAGWAN JACKAL,Pacific Tugs ,Brisbane,Bhagwan Marine Pty Ltd ,
Thu 22 Feb 2024 05:00,Sat 16 Mar 2024 00:00,CONRAD OLDENDORFF,North Anchorage 04,Hay Point,LBH Australia Pty Ltd (Mackay),DBCT Berth 3
Thu 22 Feb 2024 11:15,,MILDRED,Fisherman Island Pump Out,Brisbane,Bhagwan Marine Pty Ltd ,
Thu 22 Feb 2024 20:36,Thu 14 Mar 2024 00:00,YUN TONG,Off Shore Anchorage 14,Hay Point,Inchcape Shipping Services (Queensland),DBCT Berth 1
Thu 22 Feb 2024 22:06,,THE SARA,Humbug Jetty,Weipa,Smit Lamnalco Australia Pty Ltd (Weipa),
Thu 22 Jun 2023 11:30,,AD 501,Cairns 01 Wharf,Cairns,Svitzer Australia Pty Ltd (Cairns Region),
Thu 23 Nov 2023 13:15,Mon 01 Jul 2024 12:34,MISCHIEF 1,The Yard,Brisbane,Major Yacht Services (Brisbane),SEA
Thu 23 Nov 2023 14:40,,BHAGWAN CHALLENGE,Pacific Tugs ,Brisbane,Maritime Safety Queensland (Brisbane),
Thu 29 Aug 2019 08:15,,ENDEAVOUR BAY,Admiralty Anchorage,Cairns,Sea Swift Pty Ltd,
Thu 29 Feb 2024 08:24,Wed 20 Mar 2024 12:34,VAN GOGH,North Anchorage 9,Gladstone,Inchcape Shipping Services (Queensland),Clinton Coal
Thu 29 Feb 2024 10:00,Sun 31 Mar 2024 00:00,OCEAN ARTEMIS,South Anchorage 10,Hay Point,LBH Australia Pty Ltd (Mackay),HPS Berth 1
Thu 29 Feb 2024 12:00,,SOUTHERN CLOUD,Rivergate Yacht Marina,Brisbane,Owner / Agent / Master (Brisbane),
Thu 29 Feb 2024 14:12,Fri 15 Mar 2024 00:00,NECKLACE,North Anchorage 19,Hay Point,Monson Agencies Australia (Mackay),DBCT Berth 1
Thu 31 Aug 2023 14:25,,TARCOOLA,Cairns 06 Wharf,Cairns,Svitzer Australia Pty Ltd (Cairns Region),
Thu 31 Aug 2023 14:25,,GHT 22,Cairns 06 Wharf,Cairns,Svitzer Australia Pty Ltd (Cairns Region),
Tue 04 Jan 2022 14:55,,NAUTILUS,Fisherman Island Pump Out,Brisbane,Bhagwan Marine Pty Ltd ,
Tue 05 Dec 2017 10:47,,TATEYAMA MARU,Townsville Marine Precinct 1,Townsville,Pacific Marine Group Pty Ltd,
Tue 05 Mar 2024 01:12,Fri 15 Mar 2024 00:00,MINAMI,Off Shore Anchorage 09,Hay Point,Gulf Agency Company (Mackay),DBCT Berth 2
Tue 05 Mar 2024 01:36,Sun 24 Mar 2024 00:00,BBG JOURNEY,Off Shore Anchorage 07,Hay Point,Monson Agencies Australia (Mackay),DBCT Berth 1
Tue 05 Mar 2024 02:48,Sun 17 Mar 2024 00:00,CAPE BOSS,Off Shore Anchorage 18,Hay Point,Wave Shipping Pty Ltd,DBCT Berth 2
Tue 05 Mar 2024 07:00,Fri 15 Mar 2024 00:00,HILLE OLDENDORFF,Fairway Buoy Anchorage,Gladstone,LBH Australia Pty Ltd (Gladstone),Clinton Coal
Tue 05 Mar 2024 08:00,Thu 14 Mar 2024 04:30,HEROIC,Fairway Buoy Anchorage,Gladstone,Gulf Agency Company (Gladstone),WICET
Tue 05 Mar 2024 09:12,Fri 15 Mar 2024 12:34,CAPE MIDORI,Fairway Buoy Anchorage,Gladstone,Monson Agencies Australia (Gladstone),Clinton Coal
Tue 05 Mar 2024 10:30,Sat 30 Mar 2024 00:00,ORIENT CAVALIER,Abbot Point Anchorage 08,Abbot Point,Inchcape Shipping Services (Queensland),Abbot Point To Be Confirmed
Tue 05 Mar 2024 12:30,Tue 12 Mar 2024 12:34,MORNING TIDE,Fairway Beacon,Port Alma,Monson Agencies Australia (Gladstone),Port Alma 1
Tue 05 Mar 2024 14:15,Sat 30 Mar 2024 06:15,PANGAEA OCEAN EXPLORER,Sailfish Quay Outer,Cairns,Carter Marine Agencies,SEA
Tue 05 Mar 2024 14:24,Tue 12 Mar 2024 17:15,LIGNUM MESH,North Anchorage 13,Gladstone,Monson Agencies Australia (Gladstone),South Trees East
Tue 05 Mar 2024 15:00,,SEA FORCE,Admiralty Anchorage,Cairns,Bhagwan Marine,
Tue 05 Mar 2024 15:00,,KOCHI,Admiralty Anchorage,Cairns,Bhagwan Marine,
Tue 05 Sep 2023 17:50,,MDT 1501,Bhagwan,Brisbane,Bhagwan Marine Pty Ltd ,
Tue 06 Feb 2024 11:03,,SHEERLEGS,Townsville Marine Precinct 1,Townsville,Pacific Marine Group Pty Ltd,
Tue 06 Feb 2024 11:03,,PMG SWORDFISH,Townsville Marine Precinct 1,Townsville,Pacific Marine Group Pty Ltd,
Tue 06 Feb 2024 11:31,Wed 13 Mar 2024 05:30,SM DONGHAE 2,East Anchorage 6,Gladstone,LBH Australia Pty Ltd (Gladstone),Clinton Coal 3
Tue 09 Mar 2021 11:15,,SEA LIFT 6,Cora Bank Anchorage,Weipa,Carpentaria Contracting,
Tue 10 Oct 2023 16:30,,BM 2101,Bhagwan,Brisbane,Bhagwan Marine Pty Ltd ,
Tue 12 Dec 2023 07:37,,CONSTRUCTOR 1,Humbug Jetty,Weipa,Carpentaria Contracting,
Tue 12 Dec 2023 11:30,,TSA 2303,Bulk Loading Facility,Skardon River,Transhipment Services Australia Pty Ltd,
Tue 12 Dec 2023 21:45,,TSA 2302,Bulk Loading Facility,Skardon River,Transhipment Services Australia Pty Ltd,
Tue 13 Feb 2024 02:42,Sun 17 Mar 2024 00:00,STAR NADZIYE,Off Shore Anchorage 06,Hay Point,Ben Line Agencies,HPS Berth 1
Tue 13 Feb 2024 09:30,Thu 14 Mar 2024 13:30,BRUCE,BSE Maritime Solutions,Brisbane,Curtis Island Service Pty Ltd ,SEA
Tue 13 Feb 2024 09:43,,PMG 180,Admiralty Anchorage,Cairns,Carpentaria Contracting,
Tue 13 Feb 2024 15:00,Thu 28 Mar 2024 00:00,NORD SUNDA,Off Shore Anchorage 41,Hay Point,Monson Agencies Australia (Mackay),DBCT Berth 1
Tue 13 Oct 2020 17:30,,SVITZER MYALL,Whyte Island Tug Base,Brisbane,Svitzer Australia Pty Ltd,
Tue 15 Sep 2020 08:00,,BULGU,Tug Harbour Lease A,Hay Point,Owner / Agent / Master (Mackay),
Tue 18 Feb 2020 11:00,,WIGGINS SUPPLIER,Admiralty Anchorage,Cairns,Carpentaria Contracting,
Tue 20 Feb 2024 00:42,Sat 16 Mar 2024 00:00,NSU NEWSTAR,North Anchorage 16,Hay Point,LBH Australia Pty Ltd (Mackay),DBCT Berth 3
Tue 20 Feb 2024 07:44,,PMG TARKA,Temporary Unloading Facility,Townsville,Hall Contracting Pty Ltd,
Tue 20 Feb 2024 10:24,Tue 12 Mar 2024 03:30,PEDHOULAS TRADER,South Anchorage 11,Hay Point,LBH Australia Pty Ltd (Mackay),HPS Berth 3
Tue 20 Feb 2024 16:27,,AKAMA,City,Brisbane,Polaris Marine Pty Ltd,
Tue 20 Feb 2024 16:27,,PM NORTH,City,Brisbane,Polaris Marine Pty Ltd,
Tue 20 Jun 2023 11:45,,AIX,Coral Sea Marina,Whitsunday,Owner / Agent / Master (Mackay),
Tue 21 Jul 2020 15:57,,CORAL BAY,Cairns 07 Wharf,Cairns,Sea Swift Pty Ltd,
Tue 23 Jan 2024 16:15,,SL IRRONG,Evans Landing,Weipa,Sea Swift Pty Ltd,
Tue 23 Oct 2018 01:52,,HEART ISLAND,Hardy Reef,Whitsunday,Owner / Agent / Master (Mackay),
Tue 25 Jan 2022 11:31,,SAILFISH,Townsville Marine Precinct 1,Townsville,Pacific Marine Group Pty Ltd,
Tue 27 Feb 2024 01:48,Thu 14 Mar 2024 00:00,HL SUCCESS,North Anchorage 26,Hay Point,LBH Australia Pty Ltd (Mackay),DBCT Berth 3
Tue 27 Feb 2024 10:36,,BLACK PANTHER,Townsville Marine Precinct 1,Townsville,Pacific Marine Group Pty Ltd,
Tue 27 Feb 2024 10:36,,PMG 182,Townsville Marine Precinct 1,Townsville,Pacific Marine Group Pty Ltd,
Tue 28 Feb 2023 18:30,,RV ESCAPE,Smiths Creek 3,Cairns,North Marine Pty Ltd,
Tue 28 Nov 2023 17:17,,PT MAY,City,Brisbane,Pacific Tug (Aust) PTY LTD,
Tue 28 Nov 2023 17:17,,MORETON,City,Brisbane,Pacific Tug (Aust) PTY LTD,
Tue 30 Mar 2021 10:15,,SL BOYNE ISLAND,Tropical Reef Berth/Tom Jones Jetty,Cairns,Tropical Reef Shipyard,
Tue 31 Jan 2023 14:26,,COMAL III,Admiralty Anchorage,Cairns,Sea Swift Pty Ltd,
Tue 31 Oct 2023 08:02,Tue 12 Mar 2024 10:00,MALU WARRIOR,Norships,Cairns,Sea Swift Pty Ltd,SEA
Wed 03 Jan 2024 17:25,,TSA 3001,Bulk Loading Facility,Skardon River,Transhipment Services Australia Pty Ltd,
Wed 03 May 2017 20:25,,PT NAUTILUS,Raptis Trawler Berths,Brisbane,Pacific Tug (Australia) Pty Ltd,
Wed 06 Mar 2024 01:17,Mon 11 Mar 2024 18:30,MSC ALABAMA III,Drift Point Cartwright,Brisbane,Mediterranean Shipping Company,Fisherman Island No 10
Wed 06 Mar 2024 07:06,,DEJA TOO,Sailfish Quay 8,Cairns,Major Yacht Services (Brisbane),
Wed 06 Mar 2024 13:00,Sun 17 Mar 2024 16:00,CAPE JERVIS,Austal Cairns Slipway ,Cairns,Toll Remote Logistics Pty Ltd,SEA
Wed 06 Mar 2024 13:51,Wed 20 Mar 2024 12:34,AZUL COSTA,North Anchorage 2,Gladstone,Gulf Agency Company (Gladstone),Clinton Coal
Wed 06 Mar 2024 20:48,Fri 15 Mar 2024 12:34,NORDIC OASIS,North Anchorage 4,Gladstone,LBH Australia Pty Ltd (Gladstone),Clinton Coal
Wed 06 Mar 2024 23:38,Tue 12 Mar 2024 21:30,RTM WEIPA,Fairway Buoy Anchorage,Gladstone,Wilhelmsen Port Services (Gladstone),Fishermans Landing 1
Wed 08 Dec 2021 18:05,,EX-HMAS MERMAID,Queensport,Brisbane,Pacific Tug (Aust) PTY LTD,
Wed 08 Dec 2021 18:05,,EX-HMAS PALUMA,Queensport,Brisbane,Pacific Tug (Aust) PTY LTD,
Wed 08 Mar 2023 09:45,,CAPE ST. GEORGE,Austal Cairns Slipway ,Cairns,Toll Remote Logistics Pty Ltd,
Wed 08 May 2019 14:13,,APIAI,Queensport,Brisbane,Bhagwan Marine Pty Ltd ,
Wed 10 Jan 2024 10:30,Sun 05 May 2024 12:34,LADY CHRISTINE,Rivergate Yacht Marina,Brisbane,Carter Marine Agencies,SEA
Wed 10 Jan 2024 16:33,,RADIANCE,Rivergate Yacht Marina,Brisbane,Owner / Agent / Master (Brisbane),
Wed 10 Oct 2018 10:30,,COONGAN,Raptis Trawler Berths,Brisbane,Pacific Tug (Aust) PTY LTD,
Wed 10 Oct 2018 13:48,,CORUNNA,Raptis Trawler Berths,Brisbane,Pacific Tug (Aust) PTY LTD,
Wed 11 Dec 2019 12:36,,MAKO,Hemmant Barge Landing,Brisbane,East Coast Maritime Pty Ltd,
Wed 12 Apr 2023 15:10,,TE-MATAILI II,Norships,Cairns,Wave Shipping Pty Ltd,
Wed 12 Dec 2018 17:00,,PACIFIC INVESTIGATOR,Admiralty Anchorage,Cairns,Carpentaria Contracting,
Wed 15 Nov 2017 12:00,,PMG PANTHER/182 WSY,Pigeon Island,Whitsunday,Owner / Agent / Master (Mackay),
Wed 16 Aug 2023 14:15,,PT KOTOR,Pacific Tugs ,Brisbane,Pacific Tug (Aust) PTY LTD,
Wed 16 Aug 2023 14:15,,CAPE GLOUCESTER,Pacific Tugs ,Brisbane,Pacific Tug (Aust) PTY LTD,
Wed 18 Jul 2018 12:50,,BANKS,Townsville Marine Precinct 1,Townsville,Coral Coast Oceaneering Pty Ltd,
Wed 21 Feb 2024 09:48,Sun 31 Mar 2024 00:00,MARINE CLAUDIA,North Anchorage 03,Hay Point,Monson Agencies Australia (Mackay),DBCT Berth 1
Wed 21 Feb 2024 11:47,Fri 15 Mar 2024 00:00,SOCRATES GRAECIA,Off Shore Anchorage 05,Hay Point,Ben Line Agencies,DBCT Berth 1
Wed 21 Feb 2024 16:48,Fri 15 Mar 2024 00:00,GREEK FRIENDSHIP,South Anchorage 06,Hay Point,Ben Line Agencies,HPS Berth 2
Wed 24 Aug 2022 02:42,,BALADHA,Tug Harbour Lease A,Hay Point,Owner / Agent / Master (Mackay),
Wed 24 Mar 2021 11:06,,RSIPV AUKI,Queensport,Brisbane,Maritime Safety Queensland (Brisbane),
Wed 25 Aug 2021 07:27,,RAPTOR,Cora Bank Anchorage,Weipa,Carpentaria Contracting,
Wed 25 Oct 2017 21:40,,JUB3,Queensport,Brisbane,Pacific Tug (Australia) Pty Ltd,
Wed 26 Apr 2017 15:58,,OSAKA 184,Tropical Reef Slipway,Cairns,Wilhelmsen Ships Service (Cairns),
Wed 28 Feb 2024 11:50,,AUSTRALIA,Southport Yacht Club,Southport,Owner / Agent / Master (Brisbane),
Wed 28 Feb 2024 17:00,Fri 22 Mar 2024 12:34,SM DIAMOND,East Anchorage 7,Gladstone,Inchcape Shipping Services (Queensland),Clinton Coal
Wed 28 Feb 2024 20:00,Sun 17 Mar 2024 00:00,CAPE MATHILDE,North Anchorage 09,Hay Point,LBH Australia Pty Ltd (Mackay),DBCT Berth 3
Wed 28 Feb 2024 20:06,Sun 17 Mar 2024 00:00,AOM GAIA,North Anchorage 17,Hay Point,Inchcape Shipping Services (Queensland),DBCT Berth 1
Wed 28 Jun 2023 06:15,,AQUILA,Queensport,Brisbane,Bhagwan Marine Pty Ltd ,
Wed 29 Jun 2022 07:02,,MAX HOOPER,Townsville 09,Townsville,Port of Townsville Limited,
Wed 29 Nov 2023 23:15,,MASTEKA 2,Rivergate Yacht Marina,Brisbane,Major Yacht Services (Brisbane),
Wed 30 Aug 2023 15:00,,HMAS BENALLA,Admiralty Anchorage,Cairns,Royal Australian Navy,
Wed 31 Jan 2024 18:24,Sat 16 Mar 2024 00:00,WUNMA,Century/Bull Export Wharf,Karumba,P&O Maritime Karumba,SEA
Wed 31 May 2023 09:30,,RAPID INTERCEPTOR,Bulk Loading Facility,Skardon River,Transhipment Services Australia Pty Ltd,
